Building Name,UMD Type,Area(sq ft),Year Built,Total (kWh)_Electricity,Total (kkg CO2e),Total (kBtu)_Total Energy,Annual EUI
Agriculture Shed,Lab,2322,1938,209336,0,714284,74
A V Williams Building,Office,236044,1988,41722506,3539686,200694928,182
Chestertown Hall,Residential,29090,1962,0,489093,7478306,45
Cumberland Hall,Residential,124486,1963,4274469,1250086,29123716,49
House 1,Residential,10594,1958,592574,129505,3727356,75
House 2,Residential,9144,1958,534317,85001,3049145,75
House 3,Residential,9464,1954,527380,93405,3108969,67
House 4,Residential,9464,1954,303179,76691,1979406,43
House 5,Residential,9464,1954,476874,75948,2768111,51
House 6,Residential,9464,1954,414108,86481,2581886,66
House 7,Residential,9464,1954,570000,68133,2986923,62
House 8,Residential,9464,1954,489697,173298,3812403,91
House 9,Residential,9464,1954,464228,85162,2801817,65
House 10,Residential,9464,1954,539255,39839,2552476,59
House 11,Residential,9464,1954,518184,28411,2303305,49
House 12,Residential,9464,1954,547656,88092,3119442,83
House 13,Residential,10690,1962,465296,147104,3523241,71
House 14,Residential,10690,1963,555986,157413,3972492,72
Health Center,Office,55852,1964,3718161,1767603,36122954,135
Tawes Hall,Office,164610,1965,5849587,0,43249972,54
Animal Sciences Agric Engrg Bldg,Lab,195450,1970,23819587,4073235,213804143,203
Benjamin Building,Office,112225,1966,3844185,989223,30192259,66
Biology Psychology Building,Lab,242067,1971,0,6211810,153768189,142
Architecture Building,Lab,70150,1972,3379629,0,25040168,98
Parren J Mitchell Art Sociology Building,Lab,159309,1976,10546044,3520702,87631946,98
Hornbake Library,Office,279986,1972,13456718,9022312,213419200,155
Manufacturing Building,Lab,22150,1992,1364540,159984,7669682,75
Arboretum Outreach Center,Office,2512,1952,0,29017,641137,66
Varsity Sports Teamhouse,Other,22857,1974,1841564,423419,14095017,133
Jones-Hill Student Activities Building,Other,524031,1956,15711115,5575249,140976831,67
Stamp Student Union,Office,288858,1955,19299244,1096485,84513032,133
University House,Other,15133,2012,680131,21421,2724223,37
Golf Course Driv Range Cont Bldg,Office,1131,1966,0,9697,182670,39
Alpha Delta Pi Sorority (4535 College Ave) ,Residential,10459,1959,852199,116683,5105839,110
Phi Sigma Sigma Sorority (4531 College Ave) ,Residential,10445,1960,1139912,41428,4669940,104
Alpha Chi Omega Sorority (4525 College Ave) ,Residential,11712,1960,1010651,157247,6410615,121
Delta Phi Epsilon Sorority (4514 Knox Rd) ,Residential,10273,1964,790959,103249,4643805,99
Sigma Delta Tau Sorority (4516 Knox Rd) ,Residential,10372,1963,939346,125184,5563317,110
Delta Gamma Sorority (4518 Knox Rd) ,Residential,11662,1963,877029,93829,4760047,81
Alpha Phi Sorority (7402 Princeton Ave),Residential,11833,1964,1336330,52696,5552399,103
Union Lane Parking Garage,Other,113509,1971,0,0,2192894,5
Leonardtown Office Building,Office,12748,1961,478031,101534,3543750,62
Stadium Drive Parking Garage,Other,280413,1997,1510147,0,5152833,4
Astronomical Observatory,Lab,1643,1964,173352,0,591501,58
Energy Research Facility,Lab,61324,1965,5167191,975854,44132731,140
Atlantic Building,Lab,240189,1965,21642550,5067552,155369482,140
Kim Engineering Building,Lab,167906,2005,20632679,6276923,213952838,287
Edward St John Learning And Teaching Center,Lab,208510,2017,10014473,4772982,108914361,113
Jull Hall,Office,17574,1954,1142311,1460,3914703,40
Microbiology Building,Lab,88285,1939,11257367,3513496,127840042,305
Nyumburu Cultural Center,Office,17892,1969,0,345868,8666439,96
Susquehanna Hall,Office,53478,1991,4203958,109534,16407823,66
Geology Building,Lab,22761,1969,0,119764,10707567,96
Leonardtown 238,Residential,11448,1972,420460,0,1434668,0
Leonardtown 239,Residential,14197,1972,489519,0,1670307,0
Leonardtown 240,Residential,11448,1972,447396,0,1526578,0
Leonardtown 241,Residential,7099,1972,271728,0,927174,0
Leonardtown 242,Residential,11488,1972,465563,0,1588566,0
Leonardtown 243,Residential,5724,1972,330590,0,1128019,0
Leonardtown Community Center,Office,7280,1982,4994410,1337305,32594628,
Denton Area Dining Hall,Other,44065,1964,5829577,2559862,61516738,353
Denton Hall,Residential,115108,1964,4494957,1039398,35000936,63
Easton Hall,Residential,115533,1965,1764025,928271,17468287,33
Elkton Hall,Residential,114118,1966,4158278,1319506,36075649,63
School Of Public Health Building,Office,240408,1973,12510504,0,82274979,65
Ellicott Hall,Residential,118303,1967,2585355,1324506,24225738,43
Ellicott Area Dining Hall,Other,48280,1967,8424214,2337726,58246168,169
Hagerstown Hall,Residential,119561,1968,2300235,1886717,29791438,59
La Plata Hall,Residential,132943,1969,4392926,1530675,32791194,54
Biomolecular Sciences Building,Lab,39400,1991,5709012,14748,19757758,94
Indoor Practice Facility,Other,20963,2001,205893,0,702535,6
Chesapeake Building,Office,52555,1991,5185379,30203,18262179,69
Xfinity Center,Other,475659,2002,37228666,10471934,249431079,114
Tyser Tower,Other,81504,1991,14134625,530638,58225172,140
Maryland Stadium Concessions 1,Other,5545,1991,0,80604,1518380,43
Maryland Stadium Concessions 3,Other,2705,1991,192316,31562,1250759,103
Maryland Stadium Concessions 4,Other,11193,1995,0,129348,2436580,49
Maryland Stadium Concessions 5,Other,9159,1995,0,218373,4113580,156
Maryland Stadium Building Upper Deck,Other,111596,1995,3501037,236881,16408258,29
Maryland Stadium Maintenance Building,Other,4254,1995,0,118254,2227601,113
Gossett Football Team House,Other,63941,1992,9030429,1580048,50117419,192
Center For Young Children,Lab,10645,1993,458715,150702,4404040,79
Neutral Buoyancy Research Facility,Lab,14330,1992,1230559,711015,17592540,288
Clarice Smith Performing Arts Center,Lab,342230,2000,20845781,77701,135067379,104
Technology Advancement Program Building,Lab,33119,1998,4573066,549596,25956921,163
Kehoe Track At Ludwig Field,Other,4365,1995,628276,0,2143766,115
Turfgrass Research Facility Paint Branch,Lab,4500,1999,302448,140290,3674702,183
Research Greenhouse,Lab,66370,2003,11997549,2237319,83082657,279
Terrapin Trail Parking Garage,Other,373253,2001,268790,0,917149,0
Mowatt Lane Parking Garage,Other,502031,2003,2406978,1309,8237596,3
Computer Science Instructional Center,Classroom,38699,2002,2584352,0,17499371,121
Riggs Alumni Center,Other,82563,2005,0,0,30436818,71
Bioscience Research Building,Lab,141019,2007,35741999,6535925,222918507,328
Field Hockey And Lacrosse Complex,Other,18297,2004,0,71753,1351640,11
Physical Sciences Complex,Lab,171772,2013,22039436,6435497,203210311,226
Knight Hall,Lab,55861,2010,2206585,0,18660898,71
Oakland Hall,Residential,233436,2011,8724324,2900694,72992069,74
Shuttle Bus Facility,Office,10947,2012,1653157,279206,10900321,230
Prince Frederick Hall,Residential,187060,2014,6788591,1921166,69789619,57
Heavy Equipment Building,Other,7136,2012,478407,84850,3230742,98
Wye Oak Building,Office,13520,2013,0,14425,584792,8
A James Clark Hall,Lab,182440,2017,31899426,8873769,212533234,252
Brendan Iribe Center,Office,246187,2018,14120268,2226747,74176786,65
Energy Plant,Other,39655,1931,3891618,0,13278745,66
Building 006,Office,17717,1957,2372465,0,8095183,98
Pocomoke Building,Office,30046,1946,4409818,6890,15176706,99
Ritchie Coliseum,Other,59792,1932,6088487,437165,26145576,97
Service Building,Office,84030,1940,5074240,942430,28274578,70
Annapolis Hall,Office,22855,1988,1051433,237235,7338030,65
Patuxent Building,Office,24568,1990,5557679,275836,24159629,203
Memorial Chapel,Other,26272,1953,1254098,69565,6093672,40
Harford Hall,Other,24549,1944,1545131,254819,9300573,86
Cecil Hall,Residential,20096,1959,0,208597,3297655,35
Calvert Hall,Residential,35764,1913,805905,371231,8618557,51
Prince Georges Hall,Residential,16099,1944,759936,167108,5234775,71
Kent Hall,Residential,17879,1920,336024,185584,4080417,49
Baltimore Hall,Residential,21185,1920,423166,219901,4920256,49
Washington Hall,Residential,23792,1940,454730,246961,5455752,50
Charles Hall,Residential,19378,1955,255874,201144,4052912,47
Allegany Hall,Residential,40300,1955,846810,418315,9502466,50
Howard Hall,Residential,7300,1940,265127,75774,2102544,60
Frederick Hall,Residential,16576,1948,378353,172059,4011033,52
Garrett Hall,Residential,17579,1948,400519,182470,4251254,52
South Campus Dining Hall,Office,133845,1974,15195441,5378730,141200658,214
Talbot Hall,Other,9822,1948,208454,101953,2323016,50
Jimenez Hall,Office,65321,1962,2834855,578420,19766716,67
Montgomery Hall,Residential,59825,1955,406559,615919,11145306,40
Shoemaker Building,Office,25521,1932,1065095,0,7791710,61
Mckeldin Library,Office,365865,1958,29151088,5386386,162111824,89
Plant Sciences Building,Lab,178661,1996,25842361,3133893,125608250,170
Lefrak Hall,Lab,118953,1928,5213847,0,57080947,114
Taliaferro Hall,Office,47870,1909,0,841888,10587336,43
Skinner Building,Office,67192,1917,2839818,866355,20498811,61
Tydings Hall,Office,101945,1961,4243795,1793738,37563873,73
Woods Hall,Lab,24469,1948,1034205,315467,7464458,61
Worcester Hall,Residential,33541,1959,671674,0,5092367,86
Van Munching Hall,Office,290787,1992,26428392,784076,160942599,141
Clarence M Mitchell Jr Building,Office,45212,1958,2707810,511972,15193712,49
Preinkert Hall,Office,28237,1932,710900,275351,5628057,47
Francis Scott Key Hall,Office,52548,1932,3003258,924160,21145220,84
Marie Mount Hall,Lab,113267,1940,9100766,1992617,62931018,128
Queen Annes Hall,Residential,36263,1949,726184,0,5505635,44
Anne Arundel Hall,Residential,36651,1937,733954,0,5564543,44
Chincoteague Hall,Office,22563,1957,880836,396815,7620535,70
St Marys Hall,Residential,28770,1932,556760,0,4301906,34
Somerset Hall,Residential,31196,1949,0,1842,8732253,57
Carroll Hall,Residential,26470,1955,1250855,542972,10582909,82
Dorchester Hall,Residential,35436,1959,817033,0,5746574,42
Lee Building,Office,42185,1969,2240328,87324,8659898,45
Wicomico Hall,Residential,27684,1955,598012,523040,8123509,71
Eppley Recreation Center,Other,233906,1998,30889761,4576345,179653817,146
Caroline Hall,Residential,26959,1955,594390,549595,8419988,78
Symons Hall,Office,78248,1940,2928042,2524094,42822129,133
Thomas V Miller Jr Administration Building,Office,41299,1940,1818370,639299,13639652,67
H J Patterson Hall,Lab,118111,1937,6423330,5886760,96616727,177
Reckord Armory,Other,78615,1944,3061082,1185296,24229962,57
Turner Hall,Office,25666,1923,1600966,187374,7739534,81
Wind Tunnel Building,Lab,31567,1950,957737,39745,3730175,21
Institute For Physical Science Tech,Lab,28534,1955,0,626839,15416318,111
John S Toll Physics Building,Lab,230558,1953,14347214,2429967,111366163,100
Central Animal Resources Facility,,7163,1983,1399840,506954,10672375,427
J M Patterson Building,Lab,79248,1954,5402789,1747909,56823231,144
Engineering Laboratory Building,Lab,85043,1950,7183447,1687410,55841526,133
William E Kirwan Hall,Office,138852,1954,4053409,1344075,45814699,55
Engineering Annex,Lab,10888,1957,496998,101416,2875302,46
Martin Hall,Lab,158843,1950,9495085,3823466,99390235,140
Cambridge Community Center,Classroom,40154,1962,0,1209294,18679935,98
Cambridge Hall,Residential,55792,1962,1880270,251147,11590916,41
Chemical Nuclear Engineering Building,Lab,84877,1950,8112345,1922393,78859608,196
Bel Air Hall,Residential,,1962,0,931837,16413434,114
Centreville Hall,Residential,128198,1962,0,664532,25780931,49
Chemistry Building,Lab,398391,1952,52270604,14356541,468275731,304
